AIRPORT_A,AIRPORT_B,roundtrip_flights,avg_roundtrip_fare,ticket_revenue_per_roundtrip,baggage_revenue_per_roundtrip,total_revenue,total_distance_cost,total_airport_fees,total_delay_cost,total_cost,profit,profit_per_roundtrip,breakeven_roundtrips
JFK,LAX,3160,956.6566904868031,248759.1970357162,4550.520569620254,800458707.6328632,143593560.0,63200000.0,8155800.0,214949360.0,585509347.6328632,185287.76823824784,486.0
JFK,SFO,1860,816.7167931898584,212298.07875435596,4548.965331900026,403335502.0004361,88334605.08,37210000.0,8100450.0,133645055.08,269690446.92043614,144994.86393571837,621.0
ATL,LGA,2297,459.4776728715025,119668.22943780913,4557.771005659555,285347123.01864755,32135765.04,45940000.0,6819825.0,84895590.03999999,200451532.97864756,87266.66651225406,1031.0
LGA,ORD,3578,362.02274464831805,93999.03364160098,4543.86668529905,352586497.36964834,48152294.64,71560000.0,21937950.0,141650244.64,210936252.72964835,58953.67600046069,1527.0
LAX,SFO,4170,295.00320183894405,76584.38756919815,4543.09232613909,338301591.1635563,25801124.4,83400000.0,22064250.0,131265374.4,207036216.76355627,49648.97284497752,1813.0
